<?xml version="1.0" encoding="UTF-8"?>
<beans xmlns="http://www.springframework.org/schema/beans"
	   xmlns:xsi="http://www.w3.org/2001/XMLSchema-instance"
	   xmlns:aop="http://www.springframework.org/schema/aop"
	   xmlns:mvc="http://www.springframework.org/schema/mvc"
	   xmlns:context="http://www.springframework.org/schema/context"
	   xmlns:tx="http://www.springframework.org/schema/tx"
      

	   xsi:schemaLocation="http://www.springframework.org/schema/beans
    http://www.springframework.org/schema/beans/spring-beans-3.0.xsd
    http://www.springframework.org/schema/aop
    http://www.springframework.org/schema/aop/spring-aop-3.0.xsd
	 http://www.springframework.org/schema/mvc
     http://www.springframework.org/schema/mvc/spring-mvc.xsd
     http://www.springframework.org/schema/context
     http://www.springframework.org/schema/context/spring-context.xsd
     http://www.springframework.org/schema/tx
	 http://www.springframework.org/schema/tx/spring-tx-3.0.xsd">
	 
	 <bean id="dataSource" class="org.springframework.jdbc.datasource.DriverManagerDataSource">
	 	<property name="url" value="jdbc:mysql://localhost:3306/mydb"/>
	 	<property name="driverClassName" value="com.mysql.cj.jdbc.Driver"/>
	 	<property name="username" value="root"/>
	 	<property name="password" value="root"/>
	 
	 </bean>
	 
	 <bean id="jdbcTemplate" class="org.springframework.jdbc.core.JdbcTemplate">
	 	<property name="dataSource" ref="dataSource"/>
	 </bean>
	 
	 <bean id="transactionManager" class="org.springframework.jdbc.support.JdbcTransactionManager">
	 	<property name="dataSource" ref="dataSource"/>
	 
	 </bean>
	 
	 <bean id="viewResolver" class="org.springframework.web.servlet.view.InternalResourceViewResolver">
	 	<property name="prefix" value="/WEB-INF/views/"/>
	 	<property name="suffix" value=".jsp"/>
	 </bean>
	 
	 
	 <context:annotation-config/>
	 <context:component-scan base-package="com.cts"/>
	 <tx:annotation-driven transaction-manager="transactionManager"/>
	 <mvc:annotation-driven/>
	 
	</beans>
